[
  {
    "id": "370b46f2-5ba6-4c63-88d3-5374a56fa82b",
    "data": [
      {
        "text": "Can you show me a ",
        "userDefined": false
      },
      {
        "text": "pair",
        "userDefined": false
      },
      {
        "text": " of ",
        "userDefined": false
      },
      {
        "text": "princess",
        "meta": "@SHAPE",
        "alias": "shape",
        "userDefined": false
      },
      {
        "text": " cut diamonds, each weighing ",
        "userDefined": false
      },
      {
        "text": "1.75",
        "meta": "@WEIGHT",
        "alias": "weight",
        "userDefined": false
      },
      {
        "text": " ct with ",
        "userDefined": false
      },
      {
        "text": "VVS2",
        "meta": "@CLARITY",
        "alias": "clarity",
        "userDefined": false
      },
      {
        "text": " clarity, ",
        "userDefined": false
      },
      {
        "text": "E",
        "meta": "@color",
        "alias": "color1",
        "userDefined": false
      },
      {
        "text": " color, ",
        "userDefined": false
      },
      {
        "text": "and",
        "userDefined": false
      },
      {
        "text": " ",
        "userDefined": false
      },
      {
        "text": "Very Good",
        "meta": "@CUT",
        "alias": "cut",
        "userDefined": false
      },
      {
        "text": " cut?",
        "userDefined": false
      }
    ],
    "isTemplate": false,
    "count": 0,
    "lang": "en",
    "updated": 0
  },
  {
    "id": "1e8d4e5c-f1c5-4ef0-bf6e-c67724536049",
    "data": [
      {
        "text": "I",
        "userDefined": false
      },
      {
        "text": " need a ",
        "userDefined": false
      },
      {
        "text": "pair",
        "userDefined": false
      },
      {
        "text": " of ",
        "userDefined": false
      },
      {
        "text": "RBs",
        "meta": "@SHAPE",
        "alias": "shape",
        "userDefined": false
      },
      {
        "text": ", each weighing ",
        "userDefined": false
      },
      {
        "text": "1.25",
        "meta": "@WEIGHT",
        "alias": "weight",
        "userDefined": false
      },
      {
        "text": " ct with ",
        "userDefined": false
      },
      {
        "text": "VS1",
        "meta": "@CLARITY",
        "alias": "clarity",
        "userDefined": false
      },
      {
        "text": " clarity, ",
        "userDefined": false
      },
      {
        "text": "J",
        "meta": "@color",
        "alias": "color1",
        "userDefined": false
      },
      {
        "text": " color, ",
        "userDefined": false
      },
      {
        "text": "and",
        "userDefined": false
      },
      {
        "text": " ",
        "userDefined": false
      },
      {
        "text": "Good",
        "meta": "@CUT",
        "alias": "cut",
        "userDefined": false
      },
      {
        "text": " cut.",
        "userDefined": false
      }
    ],
    "isTemplate": false,
    "count": 0,
    "lang": "en",
    "updated": 0
  },
  {
    "id": "a81fab87-989a-44b0-92d9-ade84b40aefc",
    "data": [
      {
        "text": "Can you find me a single ",
        "userDefined": false
      },
      {
        "text": "marquise",
        "meta": "@SHAPE",
        "alias": "shape",
        "userDefined": false
      },
      {
        "text": " diamond with ",
        "userDefined": false
      },
      {
        "text": "2",
        "meta": "@WEIGHT",
        "alias": "weight",
        "userDefined": false
      },
      {
        "text": " ct weight, ",
        "userDefined": false
      },
      {
        "text": "VVS2",
        "meta": "@CLARITY",
        "alias": "clarity",
        "userDefined": false
      },
      {
        "text": " clarity, ",
        "userDefined": false
      },
      {
        "text": "E",
        "meta": "@color",
        "alias": "color1",
        "userDefined": false
      },
      {
        "text": " color, ",
        "userDefined": false
      },
      {
        "text": "and",
        "userDefined": false
      },
      {
        "text": " ",
        "userDefined": false
      },
      {
        "text": "Excellent",
        "meta": "@CUT",
        "alias": "cut",
        "userDefined": false
      },
      {
        "text": " cut?",
        "userDefined": false
      }
    ],
    "isTemplate": false,
    "count": 0,
    "lang": "en",
    "updated": 0
  },
  {
    "id": "45d91029-2715-4d69-b165-6be0444cd3d1",
    "data": [
      {
        "text": "I",
        "userDefined": false
      },
      {
        "text": "\u0027",
        "userDefined": false
      },
      {
        "text": "m",
        "userDefined": false
      },
      {
        "text": " looking for a ",
        "userDefined": false
      },
      {
        "text": "pair",
        "userDefined": false
      },
      {
        "text": " of ",
        "userDefined": false
      },
      {
        "text": "cushion",
        "meta": "@SHAPE",
        "alias": "shape",
        "userDefined": false
      },
      {
        "text": " cut diamonds, each weighing ",
        "userDefined": false
      },
      {
        "text": "1.5",
        "meta": "@WEIGHT",
        "alias": "weight",
        "userDefined": false
      },
      {
        "text": " ct with ",
        "userDefined": false
      },
      {
        "text": "VS2",
        "meta": "@CLARITY",
        "alias": "clarity",
        "userDefined": false
      },
      {
        "text": " clarity, ",
        "userDefined": false
      },
      {
        "text": "G",
        "meta": "@color",
        "alias": "color1",
        "userDefined": false
      },
      {
        "text": " color, ",
        "userDefined": false
      },
      {
        "text": "and",
        "userDefined": false
      },
      {
        "text": " ",
        "userDefined": false
      },
      {
        "text": "Very Good",
        "meta": "@CUT",
        "alias": "cut",
        "userDefined": false
      },
      {
        "text": " cut.",
        "userDefined": false
      }
    ],
    "isTemplate": false,
    "count": 0,
    "lang": "en",
    "updated": 0
  },
  {
    "id": "a80b2b82-0820-4f6e-bdbe-84388551df78",
    "data": [
      {
        "text": "Can you show me a pair of ",
        "userDefined": false
      },
      {
        "text": "oval",
        "meta": "@SHAPE",
        "alias": "shape",
        "userDefined": false
      },
      {
        "text": " diamonds, each weighing ",
        "userDefined": false
      },
      {
        "text": "1.75",
        "meta": "@WEIGHT",
        "alias": "weight",
        "userDefined": false
      },
      {
        "text": " ct with ",
        "userDefined": false
      },
      {
        "text": "VVS1",
        "meta": "@CLARITY",
        "alias": "clarity",
        "userDefined": false
      },
      {
        "text": " clarity, ",
        "userDefined": false
      },
      {
        "text": "F",
        "meta": "@color",
        "alias": "color1",
        "userDefined": false
      },
      {
        "text": " color, ",
        "userDefined": false
      },
      {
        "text": "and",
        "userDefined": false
      },
      {
        "text": " ",
        "userDefined": false
      },
      {
        "text": "Good",
        "meta": "@CUT",
        "alias": "cut",
        "userDefined": false
      },
      {
        "text": " cut?",
        "userDefined": false
      }
    ],
    "isTemplate": false,
    "count": 0,
    "lang": "en",
    "updated": 0
  },
  {
    "id": "7c4e6913-a1fb-467f-912d-c7bbf659feea",
    "data": [
      {
        "text": "I",
        "userDefined": false
      },
      {
        "text": " need a single ",
        "userDefined": false
      },
      {
        "text": "1.5",
        "meta": "@WEIGHT",
        "alias": "weight",
        "userDefined": false
      },
      {
        "text": " ct ",
        "userDefined": false
      },
      {
        "text": "emerald",
        "meta": "@SHAPE",
        "alias": "shape",
        "userDefined": false
      },
      {
        "text": " cut diamond with ",
        "userDefined": false
      },
      {
        "text": "VVS2",
        "meta": "@CLARITY",
        "alias": "clarity",
        "userDefined": false
      },
      {
        "text": " clarity, ",
        "userDefined": false
      },
      {
        "text": "D",
        "meta": "@color",
        "alias": "color1",
        "userDefined": false
      },
      {
        "text": " color, ",
        "userDefined": false
      },
      {
        "text": "and",
        "userDefined": false
      },
      {
        "text": " ",
        "userDefined": false
      },
      {
        "text": "Excellent",
        "meta": "@CUT",
        "alias": "cut",
        "userDefined": false
      },
      {
        "text": " cut.",
        "userDefined": false
      }
    ],
    "isTemplate": false,
    "count": 0,
    "lang": "en",
    "updated": 0
  },
  {
    "id": "f29a42c6-8611-4efb-89b2-35553d68fca7",
    "data": [
      {
        "text": "Can you find me a ",
        "userDefined": false
      },
      {
        "text": "pair",
        "userDefined": false
      },
      {
        "text": " of ",
        "userDefined": false
      },
      {
        "text": "princess",
        "meta": "@SHAPE",
        "alias": "shape",
        "userDefined": false
      },
      {
        "text": " cut diamonds, each weighing ",
        "userDefined": false
      },
      {
        "text": "2",
        "meta": "@WEIGHT",
        "alias": "weight",
        "userDefined": false
      },
      {
        "text": " ct with ",
        "userDefined": false
      },
      {
        "text": "VS1",
        "meta": "@CLARITY",
        "alias": "clarity",
        "userDefined": false
      },
      {
        "text": " clarity, ",
        "userDefined": false
      },
      {
        "text": "G",
        "meta": "@color",
        "alias": "color1",
        "userDefined": false
      },
      {
        "text": " color, ",
        "userDefined": false
      },
      {
        "text": "and",
        "userDefined": false
      },
      {
        "text": " ",
        "userDefined": false
      },
      {
        "text": "Very Good",
        "meta": "@CUT",
        "alias": "cut",
        "userDefined": false
      },
      {
        "text": " cut?",
        "userDefined": false
      }
    ],
    "isTemplate": false,
    "count": 0,
    "lang": "en",
    "updated": 0
  },
  {
    "id": "854b5ba4-2755-405a-a955-c7a50cf4d2f1",
    "data": [
      {
        "text": "I",
        "userDefined": false
      },
      {
        "text": "\u0027",
        "userDefined": false
      },
      {
        "text": "m",
        "userDefined": false
      },
      {
        "text": " looking for a ",
        "userDefined": false
      },
      {
        "text": "pair",
        "userDefined": false
      },
      {
        "text": " of ",
        "userDefined": false
      },
      {
        "text": "RBs",
        "meta": "@SHAPE",
        "alias": "shape",
        "userDefined": false
      },
      {
        "text": ", each weighing ",
        "userDefined": false
      },
      {
        "text": "1.5",
        "meta": "@WEIGHT",
        "alias": "weight",
        "userDefined": false
      },
      {
        "text": " ct with ",
        "userDefined": false
      },
      {
        "text": "VVS2",
        "meta": "@CLARITY",
        "alias": "clarity",
        "userDefined": false
      },
      {
        "text": " clarity, ",
        "userDefined": false
      },
      {
        "text": "H",
        "meta": "@color",
        "alias": "color1",
        "userDefined": false
      },
      {
        "text": " color, ",
        "userDefined": false
      },
      {
        "text": "and",
        "userDefined": false
      },
      {
        "text": " ",
        "userDefined": false
      },
      {
        "text": "Good",
        "meta": "@CUT",
        "alias": "cut",
        "userDefined": false
      },
      {
        "text": " cut.",
        "userDefined": false
      }
    ],
    "isTemplate": false,
    "count": 0,
    "lang": "en",
    "updated": 0
  },
  {
    "id": "a6af3831-7f6b-492d-b379-8cc0ca626d3f",
    "data": [
      {
        "text": "Can you show me a single ",
        "userDefined": false
      },
      {
        "text": "pear",
        "meta": "@SHAPE",
        "alias": "shape",
        "userDefined": false
      },
      {
        "text": " shaped diamond with ",
        "userDefined": false
      },
      {
        "text": "1.75",
        "meta": "@WEIGHT",
        "alias": "weight",
        "userDefined": false
      },
      {
        "text": " ct weight, ",
        "userDefined": false
      },
      {
        "text": "SI1",
        "meta": "@CLARITY",
        "alias": "clarity",
        "userDefined": false
      },
      {
        "text": " clarity, ",
        "userDefined": false
      },
      {
        "text": "D",
        "meta": "@color",
        "alias": "color1",
        "userDefined": false
      },
      {
        "text": " color, ",
        "userDefined": false
      },
      {
        "text": "and",
        "userDefined": false
      },
      {
        "text": " ",
        "userDefined": false
      },
      {
        "text": "Very Good",
        "meta": "@CUT",
        "alias": "cut",
        "userDefined": false
      },
      {
        "text": " cut?",
        "userDefined": false
      }
    ],
    "isTemplate": false,
    "count": 0,
    "lang": "en",
    "updated": 0
  },
  {
    "id": "f5762ee1-e6f8-42ce-ac05-57836af9042e",
    "data": [
      {
        "text": "I",
        "userDefined": false
      },
      {
        "text": " need a ",
        "userDefined": false
      },
      {
        "text": "pair",
        "userDefined": false
      },
      {
        "text": " of ",
        "userDefined": false
      },
      {
        "text": "cushion",
        "meta": "@SHAPE",
        "alias": "shape",
        "userDefined": false
      },
      {
        "text": " cut diamonds, each weighing ",
        "userDefined": false
      },
      {
        "text": "2",
        "meta": "@WEIGHT",
        "alias": "weight",
        "userDefined": false
      },
      {
        "text": " ct with ",
        "userDefined": false
      },
      {
        "text": "VVS1",
        "meta": "@CLARITY",
        "alias": "clarity",
        "userDefined": false
      },
      {
        "text": " clarity, ",
        "userDefined": false
      },
      {
        "text": "H",
        "meta": "@color",
        "alias": "color1",
        "userDefined": false
      },
      {
        "text": " color, ",
        "userDefined": false
      },
      {
        "text": "and",
        "userDefined": false
      },
      {
        "text": " ",
        "userDefined": false
      },
      {
        "text": "Excellent",
        "meta": "@CUT",
        "alias": "cut",
        "userDefined": false
      },
      {
        "text": " cut.",
        "userDefined": false
      }
    ],
    "isTemplate": false,
    "count": 0,
    "lang": "en",
    "updated": 0
  },
  {
    "id": "3c95c2f0-1826-4cfd-9d8f-b4cd87ac039d",
    "data": [
      {
        "text": "Can you find me a pair of ",
        "userDefined": false
      },
      {
        "text": "oval",
        "meta": "@SHAPE",
        "alias": "shape",
        "userDefined": false
      },
      {
        "text": " diamonds, each weighing ",
        "userDefined": false
      },
      {
        "text": "1.25",
        "meta": "@WEIGHT",
        "alias": "weight",
        "userDefined": false
      },
      {
        "text": " ct with ",
        "userDefined": false
      },
      {
        "text": "VS2",
        "meta": "@CLARITY",
        "alias": "clarity",
        "userDefined": false
      },
      {
        "text": " clarity, ",
        "userDefined": false
      },
      {
        "text": "E",
        "meta": "@color",
        "alias": "color1",
        "userDefined": false
      },
      {
        "text": " color, ",
        "userDefined": false
      },
      {
        "text": "and",
        "userDefined": false
      },
      {
        "text": " ",
        "userDefined": false
      },
      {
        "text": "Very Good",
        "meta": "@CUT",
        "alias": "cut",
        "userDefined": false
      },
      {
        "text": " cut?",
        "userDefined": false
      }
    ],
    "isTemplate": false,
    "count": 0,
    "lang": "en",
    "updated": 0
  },
  {
    "id": "96ac5b95-3f8a-4b1b-8370-16c6c1380206",
    "data": [
      {
        "text": "I",
        "userDefined": false
      },
      {
        "text": "\u0027",
        "userDefined": false
      },
      {
        "text": "m",
        "userDefined": false
      },
      {
        "text": " looking for a single ",
        "userDefined": false
      },
      {
        "text": "2",
        "meta": "@WEIGHT",
        "alias": "weight",
        "userDefined": false
      },
      {
        "text": " ct ",
        "userDefined": false
      },
      {
        "text": "emerald",
        "meta": "@SHAPE",
        "alias": "shape",
        "userDefined": false
      },
      {
        "text": " cut diamond with ",
        "userDefined": false
      },
      {
        "text": "VS1",
        "meta": "@CLARITY",
        "alias": "clarity",
        "userDefined": false
      },
      {
        "text": " clarity, ",
        "userDefined": false
      },
      {
        "text": "F",
        "meta": "@color",
        "alias": "color1",
        "userDefined": false
      },
      {
        "text": " color, ",
        "userDefined": false
      },
      {
        "text": "and",
        "userDefined": false
      },
      {
        "text": " ",
        "userDefined": false
      },
      {
        "text": "Good",
        "meta": "@CUT",
        "alias": "cut",
        "userDefined": false
      },
      {
        "text": " cut.",
        "userDefined": false
      }
    ],
    "isTemplate": false,
    "count": 0,
    "lang": "en",
    "updated": 0
  },
  {
    "id": "b459f518-c7f3-4ff2-a916-6cddcf93406f",
    "data": [
      {
        "text": "Can you show me a ",
        "userDefined": false
      },
      {
        "text": "pair",
        "userDefined": false
      },
      {
        "text": " of ",
        "userDefined": false
      },
      {
        "text": "princess",
        "meta": "@SHAPE",
        "alias": "shape",
        "userDefined": false
      },
      {
        "text": " cut diamonds, each weighing ",
        "userDefined": false
      },
      {
        "text": "1.5",
        "meta": "@WEIGHT",
        "alias": "weight",
        "userDefined": false
      },
      {
        "text": " ct with ",
        "userDefined": false
      },
      {
        "text": "VVS2",
        "meta": "@CLARITY",
        "alias": "clarity",
        "userDefined": false
      },
      {
        "text": " clarity, ",
        "userDefined": false
      },
      {
        "text": "G",
        "meta": "@color",
        "alias": "color1",
        "userDefined": false
      },
      {
        "text": " color, ",
        "userDefined": false
      },
      {
        "text": "and",
        "userDefined": false
      },
      {
        "text": " ",
        "userDefined": false
      },
      {
        "text": "Excellent",
        "meta": "@CUT",
        "alias": "cut",
        "userDefined": false
      },
      {
        "text": " cut?",
        "userDefined": false
      }
    ],
    "isTemplate": false,
    "count": 0,
    "lang": "en",
    "updated": 0
  },
  {
    "id": "3db6e2d8-e24b-4987-b7a2-589a9d8dd44f",
    "data": [
      {
        "text": "I",
        "userDefined": false
      },
      {
        "text": " need a ",
        "userDefined": false
      },
      {
        "text": "pair",
        "userDefined": false
      },
      {
        "text": " of ",
        "userDefined": false
      },
      {
        "text": "RBs",
        "meta": "@SHAPE",
        "alias": "shape",
        "userDefined": false
      },
      {
        "text": ", each weighing ",
        "userDefined": false
      },
      {
        "text": "1",
        "meta": "@WEIGHT",
        "alias": "weight",
        "userDefined": false
      },
      {
        "text": " ct with ",
        "userDefined": false
      },
      {
        "text": "SI1",
        "meta": "@CLARITY",
        "alias": "clarity",
        "userDefined": false
      },
      {
        "text": " clarity, ",
        "userDefined": false
      },
      {
        "text": "J",
        "meta": "@color",
        "alias": "color1",
        "userDefined": false
      },
      {
        "text": " color, ",
        "userDefined": false
      },
      {
        "text": "and",
        "userDefined": false
      },
      {
        "text": " ",
        "userDefined": false
      },
      {
        "text": "Good",
        "meta": "@CUT",
        "alias": "cut",
        "userDefined": false
      },
      {
        "text": " cut.",
        "userDefined": false
      }
    ],
    "isTemplate": false,
    "count": 0,
    "lang": "en",
    "updated": 0
  },
  {
    "id": "45e39477-e362-4766-a246-2b62e4106c17",
    "data": [
      {
        "text": "Can you find me a single ",
        "userDefined": false
      },
      {
        "text": "marquise",
        "meta": "@SHAPE",
        "alias": "shape",
        "userDefined": false
      },
      {
        "text": " diamond with ",
        "userDefined": false
      },
      {
        "text": "1.5",
        "meta": "@WEIGHT",
        "alias": "weight",
        "userDefined": false
      },
      {
        "text": " ct weight, ",
        "userDefined": false
      },
      {
        "text": "VS1",
        "meta": "@CLARITY",
        "alias": "clarity",
        "userDefined": false
      },
      {
        "text": " clarity, ",
        "userDefined": false
      },
      {
        "text": "G",
        "meta": "@color",
        "alias": "color1",
        "userDefined": false
      },
      {
        "text": " color, ",
        "userDefined": false
      },
      {
        "text": "and",
        "userDefined": false
      },
      {
        "text": " ",
        "userDefined": false
      },
      {
        "text": "Very Good",
        "meta": "@CUT",
        "alias": "cut",
        "userDefined": false
      },
      {
        "text": " cut?",
        "userDefined": false
      }
    ],
    "isTemplate": false,
    "count": 0,
    "lang": "en",
    "updated": 0
  },
  {
    "id": "ee8e2995-8b29-43c6-8b9e-ba9c00690d58",
    "data": [
      {
        "text": "I",
        "userDefined": false
      },
      {
        "text": "\u0027",
        "userDefined": false
      },
      {
        "text": "m",
        "userDefined": false
      },
      {
        "text": " looking for a ",
        "userDefined": false
      },
      {
        "text": "pair",
        "userDefined": false
      },
      {
        "text": " of ",
        "userDefined": false
      },
      {
        "text": "cushion",
        "meta": "@SHAPE",
        "alias": "shape",
        "userDefined": false
      },
      {
        "text": " cut diamonds, each weighing ",
        "userDefined": false
      },
      {
        "text": "1.75",
        "meta": "@WEIGHT",
        "alias": "weight",
        "userDefined": false
      },
      {
        "text": " ct with ",
        "userDefined": false
      },
      {
        "text": "VS2",
        "meta": "@CLARITY",
        "alias": "clarity",
        "userDefined": false
      },
      {
        "text": " clarity, ",
        "userDefined": false
      },
      {
        "text": "H",
        "meta": "@color",
        "alias": "color1",
        "userDefined": false
      },
      {
        "text": " color, ",
        "userDefined": false
      },
      {
        "text": "and",
        "userDefined": false
      },
      {
        "text": " ",
        "userDefined": false
      },
      {
        "text": "Excellent",
        "meta": "@CUT",
        "alias": "cut",
        "userDefined": false
      },
      {
        "text": " cut.",
        "userDefined": false
      }
    ],
    "isTemplate": false,
    "count": 0,
    "lang": "en",
    "updated": 0
  },
  {
    "id": "f30661df-707b-4826-a8b1-5ed1f0544f2e",
    "data": [
      {
        "text": "Can you show me a ",
        "userDefined": false
      },
      {
        "text": "pair",
        "userDefined": false
      },
      {
        "text": " of ",
        "userDefined": false
      },
      {
        "text": "emerald",
        "meta": "@SHAPE",
        "alias": "shape",
        "userDefined": false
      },
      {
        "text": " cut diamonds, each weighing ",
        "userDefined": false
      },
      {
        "text": "2",
        "meta": "@WEIGHT",
        "alias": "weight",
        "userDefined": false
      },
      {
        "text": " ct with ",
        "userDefined": false
      },
      {
        "text": "VVS1",
        "meta": "@CLARITY",
        "alias": "clarity",
        "userDefined": false
      },
      {
        "text": " clarity, ",
        "userDefined": false
      },
      {
        "text": "E",
        "meta": "@color",
        "alias": "color1",
        "userDefined": false
      },
      {
        "text": " color, ",
        "userDefined": false
      },
      {
        "text": "and",
        "userDefined": false
      },
      {
        "text": " ",
        "userDefined": false
      },
      {
        "text": "Good",
        "meta": "@CUT",
        "alias": "cut",
        "userDefined": false
      },
      {
        "text": " cut?",
        "userDefined": false
      }
    ],
    "isTemplate": false,
    "count": 0,
    "lang": "en",
    "updated": 0
  },
  {
    "id": "6ab7bd56-4da1-4bc7-80af-bf17797664d1",
    "data": [
      {
        "text": "I",
        "userDefined": false
      },
      {
        "text": " need a single ",
        "userDefined": false
      },
      {
        "text": "1.5",
        "meta": "@WEIGHT",
        "alias": "weight",
        "userDefined": false
      },
      {
        "text": " ct ",
        "userDefined": false
      },
      {
        "text": "oval",
        "meta": "@SHAPE",
        "alias": "shape",
        "userDefined": false
      },
      {
        "text": " diamond with ",
        "userDefined": false
      },
      {
        "text": "VS1",
        "meta": "@CLARITY",
        "alias": "clarity",
        "userDefined": false
      },
      {
        "text": " clarity, ",
        "userDefined": false
      },
      {
        "text": "D",
        "meta": "@color",
        "alias": "color1",
        "userDefined": false
      },
      {
        "text": " color, ",
        "userDefined": false
      },
      {
        "text": "and",
        "userDefined": false
      },
      {
        "text": " ",
        "userDefined": false
      },
      {
        "text": "Excellent",
        "meta": "@CUT",
        "alias": "cut",
        "userDefined": false
      },
      {
        "text": " cut.",
        "userDefined": false
      }
    ],
    "isTemplate": false,
    "count": 0,
    "lang": "en",
    "updated": 0
  },
  {
    "id": "6b678606-f62e-4690-bdf2-c275145bc0f6",
    "data": [
      {
        "text": "Can you find me a ",
        "userDefined": false
      },
      {
        "text": "pair",
        "userDefined": false
      },
      {
        "text": " of ",
        "userDefined": false
      },
      {
        "text": "princess",
        "meta": "@SHAPE",
        "alias": "shape",
        "userDefined": false
      },
      {
        "text": " cut diamonds, each weighing ",
        "userDefined": false
      },
      {
        "text": "1.25",
        "meta": "@WEIGHT",
        "alias": "weight",
        "userDefined": false
      },
      {
        "text": " ct with ",
        "userDefined": false
      },
      {
        "text": "VVS2",
        "meta": "@CLARITY",
        "alias": "clarity",
        "userDefined": false
      },
      {
        "text": " clarity, ",
        "userDefined": false
      },
      {
        "text": "F",
        "meta": "@color",
        "alias": "color1",
        "userDefined": false
      },
      {
        "text": " color, ",
        "userDefined": false
      },
      {
        "text": "and",
        "userDefined": false
      },
      {
        "text": " ",
        "userDefined": false
      },
      {
        "text": "Very Good",
        "meta": "@CUT",
        "alias": "cut",
        "userDefined": false
      },
      {
        "text": " cut?",
        "userDefined": false
      }
    ],
    "isTemplate": false,
    "count": 0,
    "lang": "en",
    "updated": 0
  },
  {
    "id": "f848cff2-98ba-43ca-aab9-762b5e131f09",
    "data": [
      {
        "text": "I",
        "userDefined": false
      },
      {
        "text": "\u0027",
        "userDefined": false
      },
      {
        "text": "m",
        "userDefined": false
      },
      {
        "text": " looking for a ",
        "userDefined": false
      },
      {
        "text": "pair",
        "userDefined": false
      },
      {
        "text": " of ",
        "userDefined": false
      },
      {
        "text": "RBs",
        "meta": "@SHAPE",
        "alias": "shape",
        "userDefined": false
      },
      {
        "text": ", each weighing ",
        "userDefined": false
      },
      {
        "text": "0.75",
        "meta": "@WEIGHT",
        "alias": "weight",
        "userDefined": false
      },
      {
        "text": " ct with ",
        "userDefined": false
      },
      {
        "text": "VS1",
        "meta": "@CLARITY",
        "alias": "clarity",
        "userDefined": false
      },
      {
        "text": " clarity, ",
        "userDefined": false
      },
      {
        "text": "G",
        "meta": "@color",
        "alias": "color1",
        "userDefined": false
      },
      {
        "text": " color, ",
        "userDefined": false
      },
      {
        "text": "and",
        "userDefined": false
      },
      {
        "text": " ",
        "userDefined": false
      },
      {
        "text": "Excellent",
        "meta": "@CUT",
        "alias": "cut",
        "userDefined": false
      },
      {
        "text": " cut.",
        "userDefined": false
      }
    ],
    "isTemplate": false,
    "count": 0,
    "lang": "en",
    "updated": 0
  }
]