[
  {
    "id": "c5bfd22f-ae85-4391-be1f-9a627b143288",
    "data": [
      {
        "text": "Can you show me a ",
        "userDefined": false
      },
      {
        "text": "pair",
        "userDefined": false
      },
      {
        "text": " of ",
        "userDefined": false
      },
      {
        "text": "princess",
        "meta": "@SHAPE",
        "alias": "shape",
        "userDefined": false
      },
      {
        "text": " cut diamonds, each weighing ",
        "userDefined": false
      },
      {
        "text": "1.75",
        "meta": "@WEIGHT",
        "alias": "weight",
        "userDefined": false
      },
      {
        "text": " ct with ",
        "userDefined": false
      },
      {
        "text": "VVS2",
        "meta": "@CLARITY",
        "alias": "clarity",
        "userDefined": false
      },
      {
        "text": " clarity and ",
        "userDefined": false
      },
      {
        "text": "E",
        "meta": "@color",
        "alias": "color",
        "userDefined": false
      },
      {
        "text": " color?",
        "userDefined": false
      }
    ],
    "isTemplate": false,
    "count": 0,
    "lang": "en",
    "updated": 0
  },
  {
    "id": "26dd2451-4714-4566-af3b-07f11b39c73b",
    "data": [
      {
        "text": "I need a ",
        "userDefined": false
      },
      {
        "text": "pair",
        "userDefined": false
      },
      {
        "text": " of ",
        "userDefined": false
      },
      {
        "text": "RBs",
        "meta": "@SHAPE",
        "alias": "shape",
        "userDefined": false
      },
      {
        "text": ", each weighing ",
        "userDefined": false
      },
      {
        "text": "1.25",
        "meta": "@WEIGHT",
        "alias": "weight",
        "userDefined": false
      },
      {
        "text": " ct with ",
        "userDefined": false
      },
      {
        "text": "VS1",
        "meta": "@CLARITY",
        "alias": "clarity",
        "userDefined": false
      },
      {
        "text": " clarity and ",
        "userDefined": false
      },
      {
        "text": "J",
        "meta": "@color",
        "alias": "color",
        "userDefined": false
      },
      {
        "text": " color.",
        "userDefined": false
      }
    ],
    "isTemplate": false,
    "count": 0,
    "lang": "en",
    "updated": 0
  },
  {
    "id": "f15e7152-8a7b-4daa-abbb-e03881bfef57",
    "data": [
      {
        "text": "Can you find me a single ",
        "userDefined": false
      },
      {
        "text": "marquise",
        "meta": "@SHAPE",
        "alias": "shape",
        "userDefined": false
      },
      {
        "text": " diamond with ",
        "userDefined": false
      },
      {
        "text": "2",
        "meta": "@WEIGHT",
        "alias": "weight",
        "userDefined": false
      },
      {
        "text": " ct weight, ",
        "userDefined": false
      },
      {
        "text": "VVS2",
        "meta": "@CLARITY",
        "alias": "clarity",
        "userDefined": false
      },
      {
        "text": " clarity, and ",
        "userDefined": false
      },
      {
        "text": "E",
        "meta": "@color",
        "alias": "color",
        "userDefined": false
      },
      {
        "text": " color?",
        "userDefined": false
      }
    ],
    "isTemplate": false,
    "count": 0,
    "lang": "en",
    "updated": 0
  },
  {
    "id": "0c0179f6-e16f-43be-817b-2c4719417156",
    "data": [
      {
        "text": "I",
        "userDefined": false
      },
      {
        "text": "\u0027m looking for a ",
        "userDefined": false
      },
      {
        "text": "pair",
        "userDefined": false
      },
      {
        "text": " of ",
        "userDefined": false
      },
      {
        "text": "cushion",
        "meta": "@SHAPE",
        "alias": "shape",
        "userDefined": false
      },
      {
        "text": " cut diamonds, each weighing ",
        "userDefined": false
      },
      {
        "text": "1.5",
        "meta": "@WEIGHT",
        "alias": "weight",
        "userDefined": false
      },
      {
        "text": " ct with ",
        "userDefined": false
      },
      {
        "text": "VS2",
        "meta": "@CLARITY",
        "alias": "clarity",
        "userDefined": false
      },
      {
        "text": " clarity and ",
        "userDefined": false
      },
      {
        "text": "G",
        "meta": "@color",
        "alias": "color",
        "userDefined": false
      },
      {
        "text": " color.",
        "userDefined": false
      }
    ],
    "isTemplate": false,
    "count": 0,
    "lang": "en",
    "updated": 0
  },
  {
    "id": "634915be-c3d9-4610-8a7d-d089385c9c3f",
    "data": [
      {
        "text": "Can you show me a pair of ",
        "userDefined": false
      },
      {
        "text": "oval",
        "meta": "@SHAPE",
        "alias": "shape",
        "userDefined": false
      },
      {
        "text": " diamonds, each weighing ",
        "userDefined": false
      },
      {
        "text": "1.75",
        "meta": "@WEIGHT",
        "alias": "weight",
        "userDefined": false
      },
      {
        "text": " ct with ",
        "userDefined": false
      },
      {
        "text": "VVS1",
        "meta": "@CLARITY",
        "alias": "clarity",
        "userDefined": false
      },
      {
        "text": " clarity and ",
        "userDefined": false
      },
      {
        "text": "F",
        "meta": "@color",
        "alias": "color",
        "userDefined": false
      },
      {
        "text": " color?",
        "userDefined": false
      }
    ],
    "isTemplate": false,
    "count": 0,
    "lang": "en",
    "updated": 0
  },
  {
    "id": "35b06606-e325-4b29-8915-897258bd516b",
    "data": [
      {
        "text": "I need a single ",
        "userDefined": false
      },
      {
        "text": "1.5",
        "meta": "@WEIGHT",
        "alias": "weight",
        "userDefined": false
      },
      {
        "text": " ct ",
        "userDefined": false
      },
      {
        "text": "emerald",
        "meta": "@SHAPE",
        "alias": "shape",
        "userDefined": false
      },
      {
        "text": " cut diamond with ",
        "userDefined": false
      },
      {
        "text": "VVS2",
        "meta": "@CLARITY",
        "alias": "clarity",
        "userDefined": false
      },
      {
        "text": " clarity and ",
        "userDefined": false
      },
      {
        "text": "D",
        "meta": "@color",
        "alias": "color",
        "userDefined": false
      },
      {
        "text": " color.",
        "userDefined": false
      }
    ],
    "isTemplate": false,
    "count": 0,
    "lang": "en",
    "updated": 0
  },
  {
    "id": "39e2bd23-820a-45cf-b152-86f2f556d49a",
    "data": [
      {
        "text": "Can you find me a ",
        "userDefined": false
      },
      {
        "text": "pair",
        "userDefined": false
      },
      {
        "text": " of ",
        "userDefined": false
      },
      {
        "text": "princess",
        "meta": "@SHAPE",
        "alias": "shape",
        "userDefined": false
      },
      {
        "text": " cut diamonds, each weighing ",
        "userDefined": false
      },
      {
        "text": "2",
        "meta": "@WEIGHT",
        "alias": "weight",
        "userDefined": false
      },
      {
        "text": " ct with ",
        "userDefined": false
      },
      {
        "text": "VS1",
        "meta": "@CLARITY",
        "alias": "clarity",
        "userDefined": false
      },
      {
        "text": " clarity and ",
        "userDefined": false
      },
      {
        "text": "G",
        "meta": "@color",
        "alias": "color",
        "userDefined": false
      },
      {
        "text": " color?",
        "userDefined": false
      }
    ],
    "isTemplate": false,
    "count": 0,
    "lang": "en",
    "updated": 0
  },
  {
    "id": "d1533762-5b15-4472-8b2a-2080fc02838d",
    "data": [
      {
        "text": "I",
        "userDefined": false
      },
      {
        "text": "\u0027m looking for a ",
        "userDefined": false
      },
      {
        "text": "pair",
        "userDefined": false
      },
      {
        "text": " of ",
        "userDefined": false
      },
      {
        "text": "RBs",
        "meta": "@SHAPE",
        "alias": "shape",
        "userDefined": false
      },
      {
        "text": ", each weighing ",
        "userDefined": false
      },
      {
        "text": "1.5",
        "meta": "@WEIGHT",
        "alias": "weight",
        "userDefined": false
      },
      {
        "text": " ct with ",
        "userDefined": false
      },
      {
        "text": "VVS2",
        "meta": "@CLARITY",
        "alias": "clarity",
        "userDefined": false
      },
      {
        "text": " clarity and ",
        "userDefined": false
      },
      {
        "text": "H",
        "meta": "@color",
        "alias": "color",
        "userDefined": false
      },
      {
        "text": " color.",
        "userDefined": false
      }
    ],
    "isTemplate": false,
    "count": 0,
    "lang": "en",
    "updated": 0
  },
  {
    "id": "81b3b615-f63a-4c54-bac2-93c8482f775a",
    "data": [
      {
        "text": "Can you show me a single ",
        "userDefined": false
      },
      {
        "text": "pear",
        "meta": "@SHAPE",
        "alias": "shape",
        "userDefined": false
      },
      {
        "text": " shaped diamond with ",
        "userDefined": false
      },
      {
        "text": "1.75",
        "meta": "@WEIGHT",
        "alias": "weight",
        "userDefined": false
      },
      {
        "text": " ct weight, ",
        "userDefined": false
      },
      {
        "text": "SI1",
        "meta": "@CLARITY",
        "alias": "clarity",
        "userDefined": false
      },
      {
        "text": " clarity, and ",
        "userDefined": false
      },
      {
        "text": "D",
        "meta": "@color",
        "alias": "color",
        "userDefined": false
      },
      {
        "text": " color?",
        "userDefined": false
      }
    ],
    "isTemplate": false,
    "count": 0,
    "lang": "en",
    "updated": 0
  },
  {
    "id": "aca044c9-efb9-49d3-9b60-8e3a7ee84c5e",
    "data": [
      {
        "text": "I need a ",
        "userDefined": false
      },
      {
        "text": "pair",
        "userDefined": false
      },
      {
        "text": " of ",
        "userDefined": false
      },
      {
        "text": "cushion",
        "meta": "@SHAPE",
        "alias": "shape",
        "userDefined": false
      },
      {
        "text": " cut diamonds, each weighing ",
        "userDefined": false
      },
      {
        "text": "2",
        "meta": "@WEIGHT",
        "alias": "weight",
        "userDefined": false
      },
      {
        "text": " ct with ",
        "userDefined": false
      },
      {
        "text": "VVS1",
        "meta": "@CLARITY",
        "alias": "clarity",
        "userDefined": false
      },
      {
        "text": " clarity and ",
        "userDefined": false
      },
      {
        "text": "H",
        "meta": "@color",
        "alias": "color",
        "userDefined": false
      },
      {
        "text": " color.",
        "userDefined": false
      }
    ],
    "isTemplate": false,
    "count": 0,
    "lang": "en",
    "updated": 0
  },
  {
    "id": "04c12da4-0968-42ea-b6b1-8abfa75b192b",
    "data": [
      {
        "text": "Can you find me a pair of ",
        "userDefined": false
      },
      {
        "text": "oval",
        "meta": "@SHAPE",
        "alias": "shape",
        "userDefined": false
      },
      {
        "text": " diamonds, each weighing ",
        "userDefined": false
      },
      {
        "text": "1.25",
        "meta": "@WEIGHT",
        "alias": "weight",
        "userDefined": false
      },
      {
        "text": " ct with ",
        "userDefined": false
      },
      {
        "text": "VS2",
        "meta": "@CLARITY",
        "alias": "clarity",
        "userDefined": false
      },
      {
        "text": " clarity and ",
        "userDefined": false
      },
      {
        "text": "E",
        "meta": "@color",
        "alias": "color",
        "userDefined": false
      },
      {
        "text": " color?",
        "userDefined": false
      }
    ],
    "isTemplate": false,
    "count": 0,
    "lang": "en",
    "updated": 0
  },
  {
    "id": "4fcb7832-1b95-4a1a-b973-8cec08b1aa23",
    "data": [
      {
        "text": "I",
        "userDefined": false
      },
      {
        "text": "\u0027m looking for a single ",
        "userDefined": false
      },
      {
        "text": "2",
        "meta": "@WEIGHT",
        "alias": "weight",
        "userDefined": false
      },
      {
        "text": " ct ",
        "userDefined": false
      },
      {
        "text": "emerald",
        "meta": "@SHAPE",
        "alias": "shape",
        "userDefined": false
      },
      {
        "text": " cut diamond with ",
        "userDefined": false
      },
      {
        "text": "VS1",
        "meta": "@CLARITY",
        "alias": "clarity",
        "userDefined": false
      },
      {
        "text": " clarity and ",
        "userDefined": false
      },
      {
        "text": "F",
        "meta": "@color",
        "alias": "color",
        "userDefined": false
      },
      {
        "text": " color.",
        "userDefined": false
      }
    ],
    "isTemplate": false,
    "count": 0,
    "lang": "en",
    "updated": 0
  },
  {
    "id": "9a13f5ae-c710-4c98-b197-15507368f9d5",
    "data": [
      {
        "text": "Can you show me a ",
        "userDefined": false
      },
      {
        "text": "pair",
        "userDefined": false
      },
      {
        "text": " of ",
        "userDefined": false
      },
      {
        "text": "princess",
        "meta": "@SHAPE",
        "alias": "shape",
        "userDefined": false
      },
      {
        "text": " cut diamonds, each weighing ",
        "userDefined": false
      },
      {
        "text": "1.5",
        "meta": "@WEIGHT",
        "alias": "weight",
        "userDefined": false
      },
      {
        "text": " ct with ",
        "userDefined": false
      },
      {
        "text": "VVS2",
        "meta": "@CLARITY",
        "alias": "clarity",
        "userDefined": false
      },
      {
        "text": " clarity and ",
        "userDefined": false
      },
      {
        "text": "G",
        "meta": "@color",
        "alias": "color",
        "userDefined": false
      },
      {
        "text": " color?",
        "userDefined": false
      }
    ],
    "isTemplate": false,
    "count": 0,
    "lang": "en",
    "updated": 0
  },
  {
    "id": "3495cb09-1816-413f-8a94-ea7ad87eac7a",
    "data": [
      {
        "text": "I need a ",
        "userDefined": false
      },
      {
        "text": "pair",
        "userDefined": false
      },
      {
        "text": " of ",
        "userDefined": false
      },
      {
        "text": "RBs",
        "meta": "@SHAPE",
        "alias": "shape",
        "userDefined": true
      },
      {
        "text": ", each weighing ",
        "userDefined": false
      },
      {
        "text": "1",
        "meta": "@WEIGHT",
        "alias": "weight",
        "userDefined": false
      },
      {
        "text": " ct with ",
        "userDefined": false
      },
      {
        "text": "SI1",
        "meta": "@CLARITY",
        "alias": "clarity",
        "userDefined": false
      },
      {
        "text": " clarity and ",
        "userDefined": false
      },
      {
        "text": "J",
        "meta": "@color",
        "alias": "color",
        "userDefined": false
      },
      {
        "text": " color.",
        "userDefined": false
      }
    ],
    "isTemplate": false,
    "count": 0,
    "lang": "en",
    "updated": 0
  },
  {
    "id": "2d6b49cd-52c9-46e5-ba23-413da3a4cbb4",
    "data": [
      {
        "text": "Can you find me a single ",
        "userDefined": false
      },
      {
        "text": "marquise",
        "meta": "@SHAPE",
        "alias": "shape",
        "userDefined": false
      },
      {
        "text": " diamond with ",
        "userDefined": false
      },
      {
        "text": "1.5",
        "userDefined": false
      },
      {
        "text": " ct weight, ",
        "userDefined": false
      },
      {
        "text": "VS1",
        "meta": "@CLARITY",
        "alias": "clarity",
        "userDefined": false
      },
      {
        "text": " clarity, and ",
        "userDefined": false
      },
      {
        "text": "G",
        "meta": "@color",
        "alias": "color",
        "userDefined": false
      },
      {
        "text": " color?",
        "userDefined": false
      }
    ],
    "isTemplate": false,
    "count": 0,
    "lang": "en",
    "updated": 0
  },
  {
    "id": "fa09e19f-1d53-4059-a149-5701d0a38dfe",
    "data": [
      {
        "text": "I",
        "userDefined": false
      },
      {
        "text": "\u0027m looking for a ",
        "userDefined": false
      },
      {
        "text": "pair",
        "userDefined": false
      },
      {
        "text": " of ",
        "userDefined": false
      },
      {
        "text": "cushion",
        "meta": "@SHAPE",
        "alias": "shape",
        "userDefined": false
      },
      {
        "text": " cut diamonds, each weighing ",
        "userDefined": false
      },
      {
        "text": "1.75",
        "meta": "@WEIGHT",
        "alias": "weight",
        "userDefined": false
      },
      {
        "text": " ct with ",
        "userDefined": false
      },
      {
        "text": "VS2",
        "meta": "@CLARITY",
        "alias": "clarity",
        "userDefined": false
      },
      {
        "text": " clarity and ",
        "userDefined": false
      },
      {
        "text": "H",
        "meta": "@color",
        "alias": "color",
        "userDefined": false
      },
      {
        "text": " color.",
        "userDefined": false
      }
    ],
    "isTemplate": false,
    "count": 0,
    "lang": "en",
    "updated": 0
  },
  {
    "id": "3b207931-8dd3-44b6-b033-fbb642a177a6",
    "data": [
      {
        "text": "Can you show me a ",
        "userDefined": false
      },
      {
        "text": "pair",
        "userDefined": false
      },
      {
        "text": " of ",
        "userDefined": false
      },
      {
        "text": "emerald",
        "meta": "@SHAPE",
        "alias": "shape",
        "userDefined": false
      },
      {
        "text": " cut diamonds, each weighing ",
        "userDefined": false
      },
      {
        "text": "2",
        "meta": "@WEIGHT",
        "alias": "weight",
        "userDefined": false
      },
      {
        "text": " ct with ",
        "userDefined": false
      },
      {
        "text": "VVS1",
        "meta": "@CLARITY",
        "alias": "clarity",
        "userDefined": false
      },
      {
        "text": " clarity and ",
        "userDefined": false
      },
      {
        "text": "E",
        "meta": "@color",
        "alias": "color",
        "userDefined": false
      },
      {
        "text": " color?",
        "userDefined": false
      }
    ],
    "isTemplate": false,
    "count": 0,
    "lang": "en",
    "updated": 0
  },
  {
    "id": "19ac368d-991f-437d-bde5-aebb7930c1c0",
    "data": [
      {
        "text": "I need a single ",
        "userDefined": false
      },
      {
        "text": "1.5",
        "meta": "@WEIGHT",
        "alias": "weight",
        "userDefined": false
      },
      {
        "text": " ct ",
        "userDefined": false
      },
      {
        "text": "oval",
        "meta": "@SHAPE",
        "alias": "shape",
        "userDefined": false
      },
      {
        "text": " diamond with ",
        "userDefined": false
      },
      {
        "text": "VS1",
        "meta": "@CLARITY",
        "alias": "clarity",
        "userDefined": false
      },
      {
        "text": " clarity and ",
        "userDefined": false
      },
      {
        "text": "D",
        "meta": "@color",
        "alias": "color",
        "userDefined": false
      },
      {
        "text": " color.",
        "userDefined": false
      }
    ],
    "isTemplate": false,
    "count": 0,
    "lang": "en",
    "updated": 0
  },
  {
    "id": "eb3e4d0f-cd6a-42bd-8776-6a1b7a18a7d1",
    "data": [
      {
        "text": "Can you find me a ",
        "userDefined": false
      },
      {
        "text": "pair",
        "userDefined": false
      },
      {
        "text": " of ",
        "userDefined": false
      },
      {
        "text": "princess",
        "meta": "@SHAPE",
        "alias": "shape",
        "userDefined": false
      },
      {
        "text": " cut diamonds, each weighing ",
        "userDefined": false
      },
      {
        "text": "1.25",
        "meta": "@WEIGHT",
        "alias": "weight",
        "userDefined": false
      },
      {
        "text": " ct with ",
        "userDefined": false
      },
      {
        "text": "VVS2",
        "meta": "@CLARITY",
        "alias": "clarity",
        "userDefined": false
      },
      {
        "text": " clarity and ",
        "userDefined": false
      },
      {
        "text": "F",
        "meta": "@color",
        "alias": "color",
        "userDefined": false
      },
      {
        "text": " color?",
        "userDefined": false
      }
    ],
    "isTemplate": false,
    "count": 0,
    "lang": "en",
    "updated": 0
  },
  {
    "id": "2d4a0dc4-cc4b-487d-973c-e9669038be87",
    "data": [
      {
        "text": "I",
        "userDefined": false
      },
      {
        "text": "\u0027m looking for a ",
        "userDefined": false
      },
      {
        "text": "pair",
        "userDefined": false
      },
      {
        "text": " of ",
        "userDefined": false
      },
      {
        "text": "RBs",
        "meta": "@SHAPE",
        "alias": "shape",
        "userDefined": true
      },
      {
        "text": ", each weighing ",
        "userDefined": false
      },
      {
        "text": "0.75",
        "meta": "@WEIGHT",
        "alias": "weight",
        "userDefined": false
      },
      {
        "text": " ct with ",
        "userDefined": false
      },
      {
        "text": "VS1",
        "meta": "@CLARITY",
        "alias": "clarity",
        "userDefined": false
      },
      {
        "text": " clarity and ",
        "userDefined": false
      },
      {
        "text": "G",
        "meta": "@color",
        "alias": "color",
        "userDefined": false
      },
      {
        "text": " color.",
        "userDefined": false
      }
    ],
    "isTemplate": false,
    "count": 0,
    "lang": "en",
    "updated": 0
  },
  {
    "id": "d00a0fb7-9304-4eb4-b7f1-b7c51d40e9cf",
    "data": [
      {
        "text": "I need a ",
        "userDefined": false
      },
      {
        "text": "2",
        "meta": "@WEIGHT",
        "alias": "weight",
        "userDefined": false
      },
      {
        "text": " ct ",
        "userDefined": false
      },
      {
        "text": "pear",
        "meta": "@SHAPE",
        "alias": "shape",
        "userDefined": false
      },
      {
        "text": " shaped diamond with ",
        "userDefined": false
      },
      {
        "text": "VVS2",
        "meta": "@CLARITY",
        "alias": "clarity",
        "userDefined": false
      },
      {
        "text": " clarity and ",
        "userDefined": false
      },
      {
        "text": "D",
        "meta": "@color",
        "alias": "color",
        "userDefined": false
      },
      {
        "text": " color.",
        "userDefined": false
      }
    ],
    "isTemplate": false,
    "count": 0,
    "lang": "en",
    "updated": 0
  },
  {
    "id": "fb53969d-0e9b-45c9-ae3b-507dd61897a0",
    "data": [
      {
        "text": "Can you show me a ",
        "userDefined": false
      },
      {
        "text": "cushion",
        "meta": "@SHAPE",
        "alias": "shape",
        "userDefined": false
      },
      {
        "text": " cut diamond weighing ",
        "userDefined": false
      },
      {
        "text": "1.75",
        "meta": "@WEIGHT",
        "alias": "weight",
        "userDefined": false
      },
      {
        "text": " ct with ",
        "userDefined": false
      },
      {
        "text": "SI1",
        "meta": "@CLARITY",
        "alias": "clarity",
        "userDefined": false
      },
      {
        "text": " clarity and ",
        "userDefined": false
      },
      {
        "text": "F",
        "meta": "@color",
        "alias": "color",
        "userDefined": false
      },
      {
        "text": " color?",
        "userDefined": false
      }
    ],
    "isTemplate": false,
    "count": 0,
    "lang": "en",
    "updated": 0
  },
  {
    "id": "85618861-4e23-43bf-accc-ddacedebccfa",
    "data": [
      {
        "text": "I",
        "meta": "@color",
        "alias": "color",
        "userDefined": false
      },
      {
        "text": "\u0027m looking for an ",
        "userDefined": false
      },
      {
        "text": "oval",
        "meta": "@SHAPE",
        "alias": "shape",
        "userDefined": false
      },
      {
        "text": " diamond with ",
        "userDefined": false
      },
      {
        "text": "1.5",
        "meta": "@WEIGHT",
        "alias": "weight",
        "userDefined": false
      },
      {
        "text": " ct weight, ",
        "userDefined": false
      },
      {
        "text": "VS2",
        "meta": "@CLARITY",
        "alias": "clarity",
        "userDefined": false
      },
      {
        "text": " clarity, and ",
        "userDefined": false
      },
      {
        "text": "E",
        "meta": "@color",
        "alias": "color",
        "userDefined": false
      },
      {
        "text": " color.",
        "userDefined": false
      }
    ],
    "isTemplate": false,
    "count": 0,
    "lang": "en",
    "updated": 0
  },
  {
    "id": "0eeee1df-d490-4976-aa43-54b1ae5e22e2",
    "data": [
      {
        "text": "Can you find me an ",
        "userDefined": false
      },
      {
        "text": "emerald",
        "meta": "@SHAPE",
        "alias": "shape",
        "userDefined": false
      },
      {
        "text": " cut diamond with ",
        "userDefined": false
      },
      {
        "text": "1.25",
        "meta": "@WEIGHT",
        "alias": "weight",
        "userDefined": false
      },
      {
        "text": " ct weight, ",
        "userDefined": false
      },
      {
        "text": "VVS1",
        "meta": "@CLARITY",
        "alias": "clarity",
        "userDefined": false
      },
      {
        "text": " clarity, and ",
        "userDefined": false
      },
      {
        "text": "H",
        "meta": "@color",
        "alias": "color",
        "userDefined": false
      },
      {
        "text": " color?",
        "userDefined": false
      }
    ],
    "isTemplate": false,
    "count": 0,
    "lang": "en",
    "updated": 0
  },
  {
    "id": "18af8b96-b43b-4774-8344-307a16ee55e0",
    "data": [
      {
        "text": "I need a ",
        "userDefined": false
      },
      {
        "text": "1.75",
        "meta": "@WEIGHT",
        "alias": "weight",
        "userDefined": false
      },
      {
        "text": " ct ",
        "userDefined": false
      },
      {
        "text": "princess",
        "meta": "@SHAPE",
        "alias": "shape",
        "userDefined": false
      },
      {
        "text": " cut diamond with ",
        "userDefined": false
      },
      {
        "text": "SI2",
        "meta": "@CLARITY",
        "alias": "clarity",
        "userDefined": false
      },
      {
        "text": " clarity and ",
        "userDefined": false
      },
      {
        "text": "G",
        "meta": "@color",
        "alias": "color",
        "userDefined": false
      },
      {
        "text": " color.",
        "userDefined": false
      }
    ],
    "isTemplate": false,
    "count": 0,
    "lang": "en",
    "updated": 0
  },
  {
    "id": "ff945d5e-a046-475b-865c-1e1338487b4a",
    "data": [
      {
        "text": "Can you show me an ",
        "userDefined": false
      },
      {
        "text": "RB",
        "meta": "@SHAPE",
        "alias": "shape",
        "userDefined": false
      },
      {
        "text": " weighing ",
        "userDefined": false
      },
      {
        "text": "2.25",
        "meta": "@WEIGHT",
        "alias": "weight",
        "userDefined": false
      },
      {
        "text": " ct with ",
        "userDefined": false
      },
      {
        "text": "VS1",
        "meta": "@CLARITY",
        "alias": "clarity",
        "userDefined": false
      },
      {
        "text": " clarity and ",
        "userDefined": false
      },
      {
        "text": "D",
        "meta": "@color",
        "alias": "color",
        "userDefined": false
      },
      {
        "text": " color?",
        "userDefined": false
      }
    ],
    "isTemplate": false,
    "count": 0,
    "lang": "en",
    "updated": 0
  },
  {
    "id": "5e231742-4cbe-4433-8bce-d10183b9a261",
    "data": [
      {
        "text": "I",
        "userDefined": false
      },
      {
        "text": "\u0027m looking for a ",
        "userDefined": false
      },
      {
        "text": "marquise",
        "meta": "@SHAPE",
        "alias": "shape",
        "userDefined": false
      },
      {
        "text": " diamond with ",
        "userDefined": false
      },
      {
        "text": "1.5",
        "meta": "@WEIGHT",
        "alias": "weight",
        "userDefined": true
      },
      {
        "text": " ",
        "userDefined": false
      },
      {
        "text": "ct",
        "userDefined": true
      },
      {
        "text": " weight, ",
        "userDefined": false
      },
      {
        "text": "VVS1",
        "meta": "@CLARITY",
        "alias": "clarity",
        "userDefined": false
      },
      {
        "text": " clarity, and ",
        "userDefined": false
      },
      {
        "text": "E",
        "meta": "@color",
        "alias": "color",
        "userDefined": false
      },
      {
        "text": " color.",
        "userDefined": false
      }
    ],
    "isTemplate": false,
    "count": 0,
    "lang": "en",
    "updated": 0
  },
  {
    "id": "e6b78165-d15c-43d6-862c-4139f94abb1e",
    "data": [
      {
        "text": "Can you find me a ",
        "userDefined": false
      },
      {
        "text": "cushion",
        "meta": "@SHAPE",
        "alias": "shape",
        "userDefined": false
      },
      {
        "text": " cut diamond with ",
        "userDefined": false
      },
      {
        "text": "2",
        "meta": "@WEIGHT",
        "alias": "weight",
        "userDefined": false
      },
      {
        "text": " ct weight, ",
        "userDefined": false
      },
      {
        "text": "VS2",
        "meta": "@CLARITY",
        "alias": "clarity",
        "userDefined": false
      },
      {
        "text": " clarity, and ",
        "userDefined": false
      },
      {
        "text": "H",
        "meta": "@color",
        "alias": "color",
        "userDefined": false
      },
      {
        "text": " color?",
        "userDefined": false
      }
    ],
    "isTemplate": false,
    "count": 0,
    "lang": "en",
    "updated": 0
  },
  {
    "id": "b2ad113b-fd7d-4587-a7fc-0c7cfc5560eb",
    "data": [
      {
        "text": "I need a ",
        "userDefined": false
      },
      {
        "text": "1.75",
        "meta": "@WEIGHT",
        "alias": "weight",
        "userDefined": false
      },
      {
        "text": " ct ",
        "userDefined": false
      },
      {
        "text": "pear",
        "meta": "@SHAPE",
        "alias": "shape",
        "userDefined": false
      },
      {
        "text": " shaped diamond with ",
        "userDefined": false
      },
      {
        "text": "SI1",
        "meta": "@CLARITY",
        "alias": "clarity",
        "userDefined": false
      },
      {
        "text": " clarity and ",
        "userDefined": false
      },
      {
        "text": "D",
        "meta": "@color",
        "alias": "color",
        "userDefined": false
      },
      {
        "text": " color.",
        "userDefined": false
      }
    ],
    "isTemplate": false,
    "count": 0,
    "lang": "en",
    "updated": 0
  },
  {
    "id": "1e33a288-f4b5-4409-986d-0f64b5869adf",
    "data": [
      {
        "text": "Can you show me an ",
        "userDefined": false
      },
      {
        "text": "oval",
        "meta": "@SHAPE",
        "alias": "shape",
        "userDefined": false
      },
      {
        "text": " diamond with ",
        "userDefined": false
      },
      {
        "text": "1.5",
        "meta": "@WEIGHT",
        "alias": "weight",
        "userDefined": false
      },
      {
        "text": " ct weight, ",
        "userDefined": false
      },
      {
        "text": "VS1",
        "meta": "@CLARITY",
        "alias": "clarity",
        "userDefined": false
      },
      {
        "text": " clarity, and ",
        "userDefined": false
      },
      {
        "text": "G",
        "meta": "@color",
        "alias": "color",
        "userDefined": false
      },
      {
        "text": " color?",
        "userDefined": false
      }
    ],
    "isTemplate": false,
    "count": 0,
    "lang": "en",
    "updated": 0
  },
  {
    "id": "fa53f555-308c-455a-8193-93dae0f14d45",
    "data": [
      {
        "text": "I",
        "userDefined": false
      },
      {
        "text": "\u0027m looking for an ",
        "userDefined": false
      },
      {
        "text": "emerald",
        "meta": "@SHAPE",
        "alias": "shape",
        "userDefined": false
      },
      {
        "text": " cut diamond weighing ",
        "userDefined": false
      },
      {
        "text": "2",
        "meta": "@WEIGHT",
        "alias": "weight",
        "userDefined": false
      },
      {
        "text": " ct with ",
        "userDefined": false
      },
      {
        "text": "VVS2",
        "meta": "@CLARITY",
        "alias": "clarity",
        "userDefined": false
      },
      {
        "text": " clarity and ",
        "userDefined": false
      },
      {
        "text": "F",
        "meta": "@color",
        "alias": "color",
        "userDefined": false
      },
      {
        "text": " color.",
        "userDefined": false
      }
    ],
    "isTemplate": false,
    "count": 0,
    "lang": "en",
    "updated": 0
  },
  {
    "id": "3d1e9053-b58d-4be0-84bb-c76aedf95bc4",
    "data": [
      {
        "text": "Can you find me a ",
        "userDefined": false
      },
      {
        "text": "princess",
        "meta": "@SHAPE",
        "alias": "shape",
        "userDefined": false
      },
      {
        "text": " cut diamond with ",
        "userDefined": false
      },
      {
        "text": "1.25",
        "meta": "@WEIGHT",
        "alias": "weight",
        "userDefined": false
      },
      {
        "text": " ct weight, ",
        "userDefined": false
      },
      {
        "text": "SI1",
        "meta": "@CLARITY",
        "alias": "clarity",
        "userDefined": false
      },
      {
        "text": " clarity, and ",
        "userDefined": false
      },
      {
        "text": "H",
        "meta": "@color",
        "alias": "color",
        "userDefined": false
      },
      {
        "text": " color?",
        "userDefined": false
      }
    ],
    "isTemplate": false,
    "count": 0,
    "lang": "en",
    "updated": 0
  },
  {
    "id": "0812bb7a-603b-4a2d-95ab-701a469d3e69",
    "data": [
      {
        "text": "I need a ",
        "userDefined": false
      },
      {
        "text": "1",
        "meta": "@WEIGHT",
        "alias": "weight",
        "userDefined": true
      },
      {
        "text": " ct ",
        "userDefined": false
      },
      {
        "text": "RB",
        "meta": "@SHAPE",
        "alias": "shape",
        "userDefined": false
      },
      {
        "text": " with ",
        "userDefined": false
      },
      {
        "text": "VVS2",
        "meta": "@CLARITY",
        "alias": "clarity",
        "userDefined": false
      },
      {
        "text": " clarity and ",
        "userDefined": false
      },
      {
        "text": "J",
        "meta": "@color",
        "alias": "color",
        "userDefined": false
      },
      {
        "text": " color.",
        "userDefined": false
      }
    ],
    "isTemplate": false,
    "count": 0,
    "lang": "en",
    "updated": 0
  },
  {
    "id": "7efafd5c-a1df-48e0-91be-857ac161655a",
    "data": [
      {
        "text": "Can you show me a ",
        "userDefined": false
      },
      {
        "text": "marquise",
        "meta": "@SHAPE",
        "alias": "shape",
        "userDefined": false
      },
      {
        "text": " diamond with ",
        "userDefined": false
      },
      {
        "text": "2.5",
        "meta": "@WEIGHT",
        "alias": "weight",
        "userDefined": true
      },
      {
        "text": " ct weight, ",
        "userDefined": false
      },
      {
        "text": "VS2",
        "meta": "@CLARITY",
        "alias": "clarity",
        "userDefined": false
      },
      {
        "text": " clarity, and ",
        "userDefined": false
      },
      {
        "text": "G",
        "meta": "@color",
        "alias": "color",
        "userDefined": false
      },
      {
        "text": " color?",
        "userDefined": false
      }
    ],
    "isTemplate": false,
    "count": 0,
    "lang": "en",
    "updated": 0
  },
  {
    "id": "11008536-e2c3-4a87-b9dc-5a1b9bef18bc",
    "data": [
      {
        "text": "I",
        "meta": "@color",
        "alias": "color",
        "userDefined": false
      },
      {
        "text": "\u0027m looking for a ",
        "userDefined": false
      },
      {
        "text": "cushion",
        "meta": "@SHAPE",
        "alias": "shape",
        "userDefined": false
      },
      {
        "text": " cut diamond with ",
        "userDefined": false
      },
      {
        "text": "1.75",
        "meta": "@WEIGHT",
        "alias": "weight",
        "userDefined": false
      },
      {
        "text": " ct weight, ",
        "userDefined": false
      },
      {
        "text": "VVS1",
        "meta": "@CLARITY",
        "alias": "clarity",
        "userDefined": false
      },
      {
        "text": " clarity, and ",
        "userDefined": false
      },
      {
        "text": "E",
        "meta": "@color",
        "alias": "color",
        "userDefined": false
      },
      {
        "text": " color.",
        "userDefined": false
      }
    ],
    "isTemplate": false,
    "count": 0,
    "lang": "en",
    "updated": 0
  },
  {
    "id": "ca2fdb75-6f40-4fc2-bb0a-91f6a30869c7",
    "data": [
      {
        "text": "Can you find me a ",
        "userDefined": false
      },
      {
        "text": "1.25",
        "meta": "@WEIGHT",
        "alias": "weight",
        "userDefined": false
      },
      {
        "text": " ct ",
        "userDefined": false
      },
      {
        "text": "pear",
        "meta": "@SHAPE",
        "alias": "shape",
        "userDefined": false
      },
      {
        "text": " shaped diamond with ",
        "userDefined": false
      },
      {
        "text": "VS2",
        "meta": "@CLARITY",
        "alias": "clarity",
        "userDefined": false
      },
      {
        "text": " clarity and ",
        "userDefined": false
      },
      {
        "text": "F",
        "meta": "@color",
        "alias": "color",
        "userDefined": false
      },
      {
        "text": " color?",
        "userDefined": false
      }
    ],
    "isTemplate": false,
    "count": 0,
    "lang": "en",
    "updated": 0
  },
  {
    "id": "2cfb5c7c-a017-4a4e-914f-59cb8c243a87",
    "data": [
      {
        "text": "I",
        "meta": "@color",
        "alias": "color",
        "userDefined": false
      },
      {
        "text": " need a ",
        "userDefined": false
      },
      {
        "text": "1.5",
        "meta": "@WEIGHT",
        "alias": "weight",
        "userDefined": false
      },
      {
        "text": " ct ",
        "userDefined": false
      },
      {
        "text": "emerald",
        "meta": "@SHAPE",
        "alias": "shape",
        "userDefined": false
      },
      {
        "text": " cut diamond with ",
        "userDefined": false
      },
      {
        "text": "VS1",
        "meta": "@CLARITY",
        "alias": "clarity",
        "userDefined": false
      },
      {
        "text": " clarity ",
        "userDefined": false
      },
      {
        "text": "and",
        "userDefined": false
      },
      {
        "text": " ",
        "userDefined": false
      },
      {
        "text": "I",
        "meta": "@color",
        "alias": "color",
        "userDefined": false
      },
      {
        "text": " color.",
        "userDefined": false
      }
    ],
    "isTemplate": false,
    "count": 0,
    "lang": "en",
    "updated": 0
  },
  {
    "id": "2155d0b0-04cf-4387-a6bf-2f4381b32410",
    "data": [
      {
        "text": "Can you show me an ",
        "userDefined": false
      },
      {
        "text": "oval",
        "meta": "@SHAPE",
        "alias": "shape",
        "userDefined": false
      },
      {
        "text": " diamond weighing ",
        "userDefined": false
      },
      {
        "text": "1.75",
        "meta": "@WEIGHT",
        "alias": "weight",
        "userDefined": false
      },
      {
        "text": " ct with ",
        "userDefined": false
      },
      {
        "text": "VVS2",
        "meta": "@CLARITY",
        "alias": "clarity",
        "userDefined": false
      },
      {
        "text": " clarity ",
        "userDefined": false
      },
      {
        "text": "and",
        "userDefined": false
      },
      {
        "text": " ",
        "userDefined": false
      },
      {
        "text": "D",
        "meta": "@color",
        "alias": "color",
        "userDefined": false
      },
      {
        "text": " color?",
        "userDefined": false
      }
    ],
    "isTemplate": false,
    "count": 0,
    "lang": "en",
    "updated": 0
  },
  {
    "id": "f5e2edf8-ec62-4565-9d30-5ce941c9904a",
    "data": [
      {
        "text": "I",
        "userDefined": false
      },
      {
        "text": "\u0027",
        "userDefined": false
      },
      {
        "text": "m",
        "userDefined": false
      },
      {
        "text": " looking for a ",
        "userDefined": false
      },
      {
        "text": "2",
        "meta": "@WEIGHT",
        "alias": "weight",
        "userDefined": false
      },
      {
        "text": " ct ",
        "userDefined": false
      },
      {
        "text": "princess",
        "meta": "@SHAPE",
        "alias": "shape",
        "userDefined": false
      },
      {
        "text": " cut diamond with ",
        "userDefined": false
      },
      {
        "text": "SI2",
        "meta": "@CLARITY",
        "alias": "clarity",
        "userDefined": false
      },
      {
        "text": " clarity ",
        "userDefined": false
      },
      {
        "text": "and",
        "userDefined": false
      },
      {
        "text": " ",
        "userDefined": false
      },
      {
        "text": "H",
        "meta": "@color",
        "alias": "color",
        "userDefined": false
      },
      {
        "text": " color.",
        "userDefined": false
      }
    ],
    "isTemplate": false,
    "count": 0,
    "lang": "en",
    "updated": 0
  },
  {
    "id": "2834fefa-8f7f-495d-bdbb-b28465608e15",
    "data": [
      {
        "text": "Can you find me a ",
        "userDefined": false
      },
      {
        "text": "RB",
        "meta": "@SHAPE",
        "alias": "shape",
        "userDefined": false
      },
      {
        "text": " weighing between ",
        "userDefined": false
      },
      {
        "text": "1.2 to 1.5",
        "meta": "@WEIGHT",
        "alias": "weight",
        "userDefined": false
      },
      {
        "text": " ct with ",
        "userDefined": false
      },
      {
        "text": "VS1",
        "meta": "@CLARITY",
        "alias": "clarity",
        "userDefined": false
      },
      {
        "text": " clarity ",
        "userDefined": false
      },
      {
        "text": "and",
        "userDefined": false
      },
      {
        "text": " ",
        "userDefined": false
      },
      {
        "text": "G",
        "meta": "@color",
        "alias": "color",
        "userDefined": false
      },
      {
        "text": " color?",
        "userDefined": false
      }
    ],
    "isTemplate": false,
    "count": 0,
    "lang": "en",
    "updated": 0
  }
]