[
  {
    "value": "D",
    "synonyms": [
      "D",
      "D+",
      "D-"
    ]
  },
  {
    "value": "E",
    "synonyms": [
      "E",
      "E+",
      "E-"
    ]
  },
  {
    "value": "F",
    "synonyms": [
      "F",
      "F+",
      "F-"
    ]
  },
  {
    "value": "G",
    "synonyms": [
      "G",
      "G+",
      "G-"
    ]
  },
  {
    "value": "H",
    "synonyms": [
      "H",
      "H+",
      "H-"
    ]
  },
  {
    "value": "I",
    "synonyms": [
      "I",
      "I+",
      "I-"
    ]
  },
  {
    "value": "J",
    "synonyms": [
      "J",
      "J+",
      "J-"
    ]
  },
  {
    "value": "K",
    "synonyms": [
      "K",
      "K+",
      "K-"
    ]
  },
  {
    "value": "L",
    "synonyms": [
      "L",
      "L+",
      "L-"
    ]
  },
  {
    "value": "M",
    "synonyms": [
      "M",
      "M+",
      "M-"
    ]
  },
  {
    "value": "N",
    "synonyms": [
      "N",
      "N+",
      "N-"
    ]
  },
  {
    "value": "O",
    "synonyms": [
      "O",
      "O+",
      "O-"
    ]
  },
  {
    "value": "P",
    "synonyms": [
      "P",
      "P+",
      "P-"
    ]
  },
  {
    "value": "Q",
    "synonyms": [
      "Q",
      "Q+",
      "Q-"
    ]
  },
  {
    "value": "R",
    "synonyms": [
      "R",
      "R+",
      "R-"
    ]
  },
  {
    "value": "S",
    "synonyms": [
      "S",
      "S+",
      "S-"
    ]
  },
  {
    "value": "T",
    "synonyms": [
      "T",
      "T+",
      "T-"
    ]
  },
  {
    "value": "U",
    "synonyms": [
      "U",
      "U+",
      "U-"
    ]
  },
  {
    "value": "V",
    "synonyms": [
      "V",
      "V+",
      "V-"
    ]
  },
  {
    "value": "W",
    "synonyms": [
      "W",
      "W+",
      "W-"
    ]
  },
  {
    "value": "X",
    "synonyms": [
      "X",
      "X+",
      "X-"
    ]
  },
  {
    "value": "Y",
    "synonyms": [
      "Y",
      "Y+",
      "Y-"
    ]
  },
  {
    "value": "Z",
    "synonyms": [
      "Z",
      "Z+",
      "Z-"
    ]
  },
  {
    "value": "[d-z]",
    "synonyms": [
      "[d-z]",
      "d to z",
      "D to Z"
    ]
  },
  {
    "value": "defghi",
    "synonyms": [
      "defghi",
      "[d-i]",
      "[D-I]"
    ]
  }
]