[
  {
    "value": "N",
    "synonyms": [
      "N",
      "NONE",
      "NON",
      "NO",
      "NAN"
    ]
  },
  {
    "value": "F",
    "synonyms": [
      "F",
      "FAINT",
      "FNT"
    ]
  },
  {
    "value": "M",
    "synonyms": [
      "M",
      "MEDIUM",
      "MED",
      "MEDIUMYELLOW"
    ]
  },
  {
    "value": "S",
    "synonyms": [
      "S",
      "STRONG",
      "STG",
      "ST",
      "STRONGYELLOW"
    ]
  },
  {
    "value": "VS",
    "synonyms": [
      "VS",
      "VST",
      "VSTG",
      "VERY STRONG",
      "VERYSTRONG",
      "VERYSTRONGBL"
    ]
  }
]