[
  {
    "value": "RD",
    "synonyms": [
      "RD",
      "ROUND",
      "R",
      "BR",
      "RB",
      "ROUND BRILLIANT",
      "ROUNDBRILLIANT",
      "BRILLIANT",
      "BRILLIANT CUT",
      "BRILLIANTCUT"
    ]
  },
  {
    "value": "OV",
    "synonyms": [
      "OV",
      "OVAL",
      "OC",
      "OVEL",
      "OL"
    ]
  },
  {
    "value": "EM",
    "synonyms": [
      "EM",
      "EMERALD",
      "EMRD",
      "EC"
    ]
  },
  {
    "value": "CU",
    "synonyms": [
      "CU",
      "CUSHION MODIFIED",
      "CMB",
      "CM",
      "CS",
      "CUSHIONMODIFIED",
      "CUSHION",
      "CUS"
    ]
  },
  {
    "value": "PR",
    "synonyms": [
      "PR",
      "PRINCESS",
      "PC"
    ]
  },
  {
    "value": "PS",
    "synonyms": [
      "PS",
      "PEAR",
      "PAER",
      "PER"
    ]
  },
  {
    "value": "RA",
    "synonyms": [
      "RA",
      "RADIANT",
      "RAD"
    ]
  },
  {
    "value": "MQ",
    "synonyms": [
      "MQ",
      "MARQUISE",
      "MR",
      "MAR"
    ]
  },
  {
    "value": "AS",
    "synonyms": [
      "AS",
      "ASHCHER",
      "ASSCHER"
    ]
  },
  {
    "value": "HS",
    "synonyms": [
      "HS",
      "HEART",
      "HRT",
      "LOVE",
      "HR",
      "HC"
    ]
  },
  {
    "value": "TR",
    "synonyms": [
      "TR",
      "TRIANGLE",
      "TRI"
    ]
  }
]